"conversation_id_str","created_at","favorite_count","full_text","id_str","image_url","in_reply_to_screen_name","lang","location","quote_count","reply_count","retweet_count","tweet_url","user_id_str","username"
"1790381242602709181","Tue May 14 13:58:46 +0000 2024","0","eh deehan dara klean jadi nikah kaga si bzir gw dah nyiapin template pake lagunya iky lini bermuara ini heyyy","1790381242602709181","","","in","","0","0","0","https://twitter.com/jjkxysl/status/1790381242602709181","1642062222481559553","jjkxysl"
"1790376489688478118","Tue May 14 13:40:26 +0000 2024","1","07. [malam kemudian] aku nulis ini sambil dengerin lagu bermuara barangkali kalian juga mau baca sambil dengerin lagu yang sama https://t.co/Q2nc5EXROY","1790376630210187476","","azuraaruna","in","04` | ùìõovetaria‚Ü∑","0","1","0","https://twitter.com/azuraaruna/status/1790376630210187476","1632714896864604160","azuraaruna"
"1790375641168114055","Tue May 14 13:36:31 +0000 2024","0","Bermuara dmn kita","1790375641168114055","","","in","Malang, Jawa Timur","0","0","0","https://twitter.com/Marshyacintya1/status/1790375641168114055","1115618682305011712","Marshyacintya1"
"1790374814877683788","Tue May 14 13:33:14 +0000 2024","0","Lagu risky febian yg bermuara kalau lewat ni lagunya lirik d otak hamda selalu sayang perjalanan kita jalan jalan kok bisaaaaaaa itu ","1790374814877683788","","","in","","0","0","0","https://twitter.com/aegi_doechan/status/1790374814877683788","4717167464","aegi_doechan"
"1790372418718171471","Tue May 14 13:23:42 +0000 2024","0","kau ganti senyuman lukiskan khayalan ~ part fav gue bgt sih #bermuara","1790372418718171471","","","in","ID","0","0","0","https://twitter.com/liaddrm/status/1790372418718171471","1496144582681444356","liaddrm"
"1790365624948097172","Tue May 14 12:59:56 +0000 2024","0","@highkeyhornym dengerin bermuara sampe budek mau ga","1790366436336263552","","highkeyhornym","in","dnf","0","1","0","https://twitter.com/bieeboul/status/1790366436336263552","1635581460060176386","bieeboul"
"1790365167831937142","Tue May 14 12:54:54 +0000 2024","0","sayang perjalanan kita kan berlayar berlabuh ditujuan yang sama bermuara di keabadiaaan","1790365167831937142","","","in","Serena Jean","0","0","0","https://twitter.com/SEJEONGkkum/status/1790365167831937142","1390289525054705664","SEJEONGkkum"
"1790363370555904031","Tue May 14 12:47:45 +0000 2024","0","Gara2 cewe lu upload story wedding pake lagu BERMUARA.. gue skrg eneg bgt tiap denger lg itu","1790363370555904031","","","in","","0","0","0","https://twitter.com/hararejo/status/1790363370555904031","203795792","hararejo"
"1790360767356887423","Tue May 14 12:37:24 +0000 2024","1","Kecanduan bgt sama lagu Bermuara ","1790360767356887423","","","in","Isekai bagian Timur","0","0","0","https://twitter.com/nickneinn/status/1790360767356887423","3322673293","nickneinn"
"1790359780433051749","Tue May 14 12:33:29 +0000 2024","0","AKHIRNYA AK DI POST MAKE LAGU BERMUARA walaupun sm mua wisuda kmrn‚Äç‚Äç‚Äç‚Äç‚Äç‚Äç‚Äç‚Äç","1790359780433051749","","","in","17","0","2","0","https://twitter.com/ppopsiclees/status/1790359780433051749","1445231557753511941","ppopsiclees"
"1790357711290499553","Tue May 14 12:25:16 +0000 2024","0","eh ini diotakku keputer lagunyaa rizky febian sm mahalini teruss deh yg bermuara","1790357711290499553","","","in","thv ","0","2","0","https://twitter.com/forgyet/status/1790357711290499553","1333278867277062144","forgyet"
"1790357255617179726","Tue May 14 12:23:27 +0000 2024","110","Sayang... Perjalanan kita kan berlayar Berlabuh di tujuan yang sama Bermuara di keabadian. Semoga cerita kalian tidak lama lagi akan sama seperti lirik lagu diatas. Aaamiiin Hello iam back! Walau gak penting dan pasti ngilang lagi nanti https://t.co/OwXQgy4FHo","1790357255617179726","https://pbs.twimg.com/media/GNigb7nbQAAUjU-.jpg","","in","","0","4","4","https://twitter.com/ZammilaA/status/1790357255617179726","1462060637861810182","ZammilaA"
"1790345244929859612","Tue May 14 11:35:44 +0000 2024","36","Bermuara dengan Mahal Ini? Sudah mendengarkan lagunya? https://t.co/36PGvqUw9t","1790345244929859612","https://pbs.twimg.com/media/GNiVdDsbAAAkWAa.jpg","","in","Jakarta, Indonesia","0","1","4","https://twitter.com/vindestwitt/status/1790345244929859612","1400353926474395648","vindestwitt"
"1790338771336220733","Tue May 14 11:10:00 +0000 2024","145","persib day heula euy bermuara :D https://t.co/Yam6cwpa2P","1790338771336220733","https://pbs.twimg.com/media/GNiOgJLagAA-Hia.jpg","","in","Bandung, Jawa Barat","7","15","20","https://twitter.com/BaseBDG/status/1790338771336220733","1248335621988311041","BaseBDG"
"1790305238622372046","Tue May 14 11:02:17 +0000 2024","0","@mahaliniraharj WHT ADA MAHALININYE Maaf ya Lini bercanda aja kok.. selamat #beRMuara kok gak undang selebgram kondang? (gw) ","1790336827330892122","","mahaliniraharj","in","MACH√âRI.","0","0","0","https://twitter.com/keancu/status/1790336827330892122","1002343474740391936","keancu"
"1790317522388234285","Tue May 14 10:38:52 +0000 2024","0","@milkaoreoisgud Mahalini bermuara","1790330937118781714","","milkaoreoisgud","in","","0","1","0","https://twitter.com/say_zoee/status/1790330937118781714","1407921194288877571","say_zoee"
"1790330125986496758","Tue May 14 10:35:39 +0000 2024","0","3 Lagu Populer Rizky Febian dan Mahalini Liriknya Semua Romantis Ada Bermuara hingga Satu Tuju https://t.co/MG11aNa89j via @tribunnews","1790330125986496758","","","in","Surabaya, Jawa Timur","0","0","0","https://twitter.com/tribunjatim/status/1790330125986496758","279961400","tribunjatim"
"1790329022528008228","Tue May 14 10:31:19 +0000 2024","0"," akan bermuara? mengapa harus ke sana? bisakah pergi ke tempat lain? adakah cara untuk memaknai kesingkatan hidup manusia? saya bersyukur mempunyai orang-orang yang bisa diajak diskusi perkara serupa yang tadi tanpa ada keseganan. Tidak ada pertanyaan yang bodoh.","1790329036297970085","","serpentinefir","in","","0","0","0","https://twitter.com/serpentinefir/status/1790329036297970085","1638977827021393920","serpentinefir"
"1790327474917921242","Tue May 14 10:25:07 +0000 2024","0","Gawat bangettt sejak dengerin lagu Bermuara kayak setiap detik tuh bisa tiba-tiba nyanyi aja ‚Äç","1790327474917921242","","","in","In your mind","0","0","0","https://twitter.com/alsefias/status/1790327474917921242","225376041","alsefias"
"1790142229623005666","Tue May 14 10:19:59 +0000 2024","0","@Mussa2103 @Just_Ab1 Sering menjudge bid'ah yg bermuara pada sesat dan kafir masih ajah ngeles gak pernah mengkafirkan...kek bajaj ajah ngelesnya https://t.co/1yebdN80zq","1790326184812888463","https://pbs.twimg.com/media/GNiELW_bkAAlOOd.png","Mussa2103","in","Yogyakarta, Indonesia","0","0","0","https://twitter.com/BangArmanJogja/status/1790326184812888463","1260971955366305793","BangArmanJogja"
"1790211192042189009","Tue May 14 09:58:21 +0000 2024","0","@aditeryx @tanyakanrl kasih andai anganQu bersuara dia qan bernyanyi arab saudi indah yang qan bermuara di fajar hati","1790320741034139871","","aditeryx","in","","0","1","0","https://twitter.com/romesfff/status/1790320741034139871","1588170063663620096","romesfff"
"1790317799270744323","Tue May 14 09:46:40 +0000 2024","0","Pada akhirnya kisah ini akan Bermuara pada 2 kemungkinan PERNIKAHAN atau PERPISAHAN","1790317799270744323","","","in","","0","0","0","https://twitter.com/iamapian14/status/1790317799270744323","1767904999491895296","iamapian14"
"1790314869729935858","Tue May 14 09:35:02 +0000 2024","0","rab saudi indah yang kan bermuara di fajar hati","1790314869729935858","","","in","","0","0","0","https://twitter.com/shiawaseiku/status/1790314869729935858","877743451483250688","shiawaseiku"
"1790312495217082635","Tue May 14 09:25:35 +0000 2024","0","wkwk bjiir pake lagu bermuara okeh saya mundurrrr","1790312495217082635","","","in","","0","1","0","https://twitter.com/jungvelywoi/status/1790312495217082635","1753826083433271296","jungvelywoi"
"1790311654535893175","Tue May 14 09:22:15 +0000 2024","1","Nyanyi lagu bermuara tapi duet ma siapa :)","1790311654535893175","","","in","Bali, Indonesia","0","1","0","https://twitter.com/urfawgvrl/status/1790311654535893175","1472205843017846788","urfawgvrl"
"1790305133274009882","Tue May 14 08:56:20 +0000 2024","0","Kita usahakan sound 'bermuara' itu di tahun ini.","1790305133274009882","","","in","Banten, Indonesia","0","0","0","https://twitter.com/aprlmaple/status/1790305133274009882","1258805110039212033","aprlmaple"
"1790292906160591108","Tue May 14 08:07:45 +0000 2024","0","yang bisa nyanyi bermuara https://t.co/2RcJgb6Twi","1790292906160591108","https://pbs.twimg.com/ext_tw_video_thumb/1790292859566088192/pu/img/0bQHhzEGlZmtUD7n.jpg","","in","üëΩ","0","0","0","https://twitter.com/hablumminalove/status/1790292906160591108","1131104678320562177","hablumminalove"
"1790291433964085498","Tue May 14 08:01:54 +0000 2024","0","tuhh kan sekarang kubaru menyadari knp kisah mereka bermuara dan satu tuju pada akhirnyaa https://t.co/3DrRTvxbdS","1790291433964085498","https://pbs.twimg.com/media/GNhkkJfaQAAivpM.jpg","","in","","0","0","0","https://twitter.com/express253/status/1790291433964085498","1507207081878642689","express253"
"1790284009936986199","Tue May 14 07:32:24 +0000 2024","1","Lagu mahalini dan iky - Bermuara - tuh enak bgt di denger tiap hari empuk suaranyaa","1790284009936986199","","","in","","0","0","0","https://twitter.com/qurrotaayuun/status/1790284009936986199","132519732","qurrotaayuun"
"1790211192042189009","Tue May 14 07:28:02 +0000 2024","10","@tanyakanrl Arab Saudi indah yang kan bermuara di fajar hati","1790282911528411558","","tanyakanrl","in","","0","0","0","https://twitter.com/pegawailangit_/status/1790282911528411558","1458462422","pegawailangit_"
"1790211192042189009","Tue May 14 07:18:42 +0000 2024","0","@tanyakanrl arab saudi indah yang kan bermuara di padang paasir","1790280563016040468","","tanyakanrl","in","","0","0","0","https://twitter.com/Avenger5ky/status/1790280563016040468","1245471704429645824","Avenger5ky"
"1790278202751160820","Tue May 14 07:09:19 +0000 2024","0","Fyp gue org nikah yg pake sound bermuara gimana ini tolong jadi pengen nikah","1790278202751160820","","","in","","0","0","0","https://twitter.com/sweetnessjeon/status/1790278202751160820","1314816316524568576","sweetnessjeon"
"1790273255431155917","Tue May 14 06:49:40 +0000 2024","0","wtr (want to rent) telezoom 18x buat tds 3 dom bandung atau cod venue #wtr #tds3 #bermuara #imaksifest","1790273255431155917","","","in","","0","2","1","https://twitter.com/spitfirekey/status/1790273255431155917","1760698077256761344","spitfirekey"
"1790266810136416356","Tue May 14 06:24:03 +0000 2024","12","siapa yang habis ngedit wintang bermuara langsung dikasih momen sama captainnya? saya kak https://t.co/mdId1IGBkC","1790266810136416356","https://pbs.twimg.com/media/GNhOLRAawAAaMEA.jpg","","in"," arsip ‚Üí","0","0","1","https://twitter.com/shaakein/status/1790266810136416356","1507035135870652417","shaakein"
"1790266064343015642","Tue May 14 06:21:05 +0000 2024","0","Aaliyah Massaid tak ada habisnya mendapat hujatan dari netizen. Kali ini perkara ia menjadi bridesmaid saat Mahalini dan Rizky Febian menikah. #aaliyahmassaid #bridesmaid #mahalinirizky #mahalini #bermuararizkyfebianmahalini #bermuara https://t.co/0TRZM8l5hm","1790266064343015642","https://pbs.twimg.com/ext_tw_video_thumb/1790265835820617728/pu/img/_EvxaPXtIAmV8og_.jpg","","in","Makassar, Indonesia","0","0","0","https://twitter.com/baca_pesan/status/1790266064343015642","1036441135349002240","baca_pesan"
"1790265593024880932","Tue May 14 06:19:13 +0000 2024","0","edit video bermuara rizky febian (feat. mahalini)","1790265593024880932","","","in","üç• caratland‚Äôs - Í©ú .·êü","1","1","0","https://twitter.com/wonwoocn/status/1790265593024880932","1518685774744457217","wonwoocn"
"1790264428317094273","Tue May 14 06:14:35 +0000 2024","0","Arab Saudi indah yang kan bermuara di fajar hati~","1790264428317094273","","","in","","0","0","0","https://twitter.com/nausals/status/1790264428317094273","1402513008467726338","nausals"
"1790261047439643032","Tue May 14 06:01:09 +0000 2024","0"," kasih andai anganku bersuara dia kan bernyanyi ARAB SAUDI indah yang kan bermuara di fajar hati ","1790261047439643032","","","in","","0","0","0","https://twitter.com/CikiJackie/status/1790261047439643032","1638588411924848641","CikiJackie"
"1790024856345415960","Tue May 14 05:58:08 +0000 2024","0","@Souffleure Udah saatnya bermuara dikku","1790260286588596432","","Souffleure","in","rl thingy, dnffwc","0","0","0","https://twitter.com/kanniecantik/status/1790260286588596432","1454712761255022594","kanniecantik"
"1790258255014359203","Tue May 14 05:55:31 +0000 2024","0","@rentfess nya dikencengin juga ini mah sambil ada jail-jail nya juga pastinya kita ketemu lewat @intotheskylie ya kita berMUAra bersama hahaha. https://t.co/s4f9LrIqPd","1790259628712091687","","chocolaateboy","in","10.00 - 22.00","0","0","0","https://twitter.com/chocolaateboy/status/1790259628712091687","1389387778052411392","chocolaateboy"
"1790258541544251423","Tue May 14 05:51:14 +0000 2024","1","Hadirmu ibarat menorehkan semburat warna di hidupku yang datar tak bermakna. Hadirmu menjadi hal serba baru yang ingin terus kucari tahu ke mana akan bermuara dan menemui tuju. Entah bagaimana diri ini dapat mengutarakan pasal bahwa diriku amat beruntung karenamu.","1790258551518331361","","darknpess","in","Save Your Date; @blueynad","0","1","0","https://twitter.com/darknpess/status/1790258551518331361","890542431825010688","darknpess"
"1790258226002628731","Tue May 14 05:49:57 +0000 2024","1","arab saudi indah yang kan bermuara di fajar hati","1790258226002628731","","","in","Denpasar, Bali","0","1","0","https://twitter.com/isntextrovert/status/1790258226002628731","1139915833335939072","isntextrovert"
"1790249251748057159","Tue May 14 05:33:34 +0000 2024","0","Rizky Febian dan Mahalini rilis lagu baru menjelang pernikahan mereka yang berjudul Bermuara #Hello #RadikFM","1790254104000036926","","radikfm_ums","in","Lantai 2 Gedung J FKI UMS","0","1","0","https://twitter.com/radikfm_ums/status/1790254104000036926","274500698","radikfm_ums"
"1790238486681010269","Tue May 14 05:06:08 +0000 2024","0","@hellobithaa @__braderhood Jdi ini juga bermuara","1790247198766383495","","hellobithaa","in","","0","0","0","https://twitter.com/PineappleQn/status/1790247198766383495","1352821589570514944","PineappleQn"
"1790239809082216692","Tue May 14 04:36:46 +0000 2024","2","rapsodi indah yang kan bermuara di Madinah~~","1790239809082216692","","","in","","0","0","0","https://twitter.com/JitenshaNoNori/status/1790239809082216692","1595763850594652162","JitenshaNoNori"
"1790211192042189009","Tue May 14 04:24:24 +0000 2024","0","@tanyakanrl Arab Saudi indahnya yg kan bermuara di fajar hati Kelingking kita berjanji jari manis masuk mek","1790236696749195431","","tanyakanrl","in","B +62, Planet C-53, Earth-1218","0","0","0","https://twitter.com/txtdrkekes/status/1790236696749195431","599857567","txtdrkekes"
"1789533587869745511","Tue May 14 04:16:50 +0000 2024","0","@sluttyrx kayanya gara¬≤ lagu bermuara.","1790234793395060982","","sluttyrx","in","Palestine ","0","0","0","https://twitter.com/jurnalhariansay/status/1790234793395060982","1285162088","jurnalhariansay"
"1790234398434193831","Tue May 14 04:15:16 +0000 2024","0","bermuara candu bgtt bagian reffnya","1790234398434193831","","","in","","0","0","0","https://twitter.com/cecepkasep00/status/1790234398434193831","1538843058825236480","cecepkasep00"
"1790211192042189009","Tue May 14 04:02:47 +0000 2024","0","@tanyakanrl Arab saudi indah yang kan bermuara di fajar hati","1790231258364346480","","tanyakanrl","in","","0","0","0","https://twitter.com/zorionjf/status/1790231258364346480","847329491705765894","zorionjf"
"1790230715101249745","Tue May 14 04:00:38 +0000 2024","0","Playing Bermuara 9999+++","1790230715101249745","","","in","","0","0","0","https://twitter.com/justindisini/status/1790230715101249745","1119475971373948928","justindisini"
"1790211192042189009","Tue May 14 03:44:36 +0000 2024","250","@tanyakanrl Arab saudi indah yang kan bermuara di fajar hati","1790226681787207930","","tanyakanrl","in","Indonesia","0","4","0","https://twitter.com/Depa_29/status/1790226681787207930","1291307925391044608","Depa_29"
"1790224099756978663","Tue May 14 03:34:20 +0000 2024","6","HAPPY WEDDING MAHALINI DAN RIZKY FEBIAN! Selamat cintanya sudah BeRMuara Ada yang bikin salfok di nikahan Mahalini dan Rizky Febian!! Yaitu para bridesmaid yang cantik cantik ini. Kepoin detail makeupnya yuk! https://t.co/FqDaElo9zO","1790224099756978663","https://pbs.twimg.com/media/GNgnU-tagAAF-kw.jpg","","in","Jakarta, Indonesia","0","1","0","https://twitter.com/femaledaily/status/1790224099756978663","16157047","femaledaily"
"1790221786187264240","Tue May 14 03:25:09 +0000 2024","0","Lirik dan Makna Lagu 'Bermuara' Single Terbaru Rizky Febian dan Mahalini https://t.co/ZU3o5K8GgB","1790221786187264240","","","in","","0","0","0","https://twitter.com/KebumenTalk/status/1790221786187264240","1321505186884411392","KebumenTalk"
"1790220858210017339","Tue May 14 03:21:27 +0000 2024","0","arab saudi indahnya kan bermuara","1790220858210017339","","","in","","0","0","0","https://twitter.com/_yantooo/status/1790220858210017339","1299507767170928641","_yantooo"
"1790209710114897990","Tue May 14 02:37:10 +0000 2024","0","gue setiap denger lagu bermuara jadi pengen nikah ","1790209710114897990","","","in","","0","0","0","https://twitter.com/malysverse/status/1790209710114897990","1333782982998429697","malysverse"
"1790208438578119036","Tue May 14 02:32:06 +0000 2024","0","gw tiba tiba pengen nikah sama tae abis dengerin lagu Bermuara ","1790208438578119036","","","in","","0","3","0","https://twitter.com/moonysmee/status/1790208438578119036","1391194774611189763","moonysmee"
"1790205163363545494","Tue May 14 02:19:06 +0000 2024","0","sayang perjalanan kita kan berlayar berlabuh ditujuan yang sama bermuara dikeabadian","1790205163363545494","","","in","ekon susuku (suka-suka aku)","0","0","0","https://twitter.com/taetobeli/status/1790205163363545494","1415929365938917376","taetobeli"
"1789480592582832490","Tue May 14 02:17:38 +0000 2024","1","@rudye3762 @RefublikAteis @Agus_609 itulah yang namanya penyebab utama semua pasti bermuara ke TUHAN Yang Maha Kuasa.","1790204795225325911","","rudye3762","in","","0","0","0","https://twitter.com/nista_sand91831/status/1790204795225325911","1727876320926023680","nista_sand91831"
"1790201661719540108","Tue May 14 02:05:11 +0000 2024","2","Dengerin lagu iky lini bermuara hawanya pengen nikah sekarang juga !","1790201661719540108","","","in","Kota Kediri","0","3","0","https://twitter.com/sntkrnsr/status/1790201661719540108","796796310426787840","sntkrnsr"
"1790024856345415960","Tue May 14 01:43:45 +0000 2024","0","@Smitheteens WKWKWKW SIAP NYANYI BERMUARA ON LOOP","1790196269136450034","","Smitheteens","in","rl thingy, dnffwc","0","0","0","https://twitter.com/kanniecantik/status/1790196269136450034","1454712761255022594","kanniecantik"
"1790188499825827876","Tue May 14 01:12:53 +0000 2024","0","SIAPA YANG MENCIPTAKAN LAGU BERMUARA INI????!!! TANGGUNG JAWAB AKU NANGIS TERUS KET WINGI","1790188499825827876","","","in","","0","0","0","https://twitter.com/cecebebby/status/1790188499825827876","760827228","cecebebby"
"1790186188403560699","Tue May 14 01:03:42 +0000 2024","0","mau bikin bermuara tmk's version","1790186188403560699","","","in","","0","0","0","https://twitter.com/kongjirou/status/1790186188403560699","1465548315202777090","kongjirou"
"1790175883074195585","Tue May 14 00:22:45 +0000 2024","1","Bermuara Rizky Mahalini candu bgt aww ","1790175883074195585","","","in","Kendal, Indonesia","1","0","0","https://twitter.com/teivrorjdvro/status/1790175883074195585","1005685604833619969","teivrorjdvro"
"1790125463924351108","Tue May 14 00:20:57 +0000 2024","0","@SEJEONGkkum SUBUH BANGET NUNA HAHAHAHA req. mahalini + iki bermuara Rizky fabian - hingga tua bersama","1790175433755123929","","SEJEONGkkum","in","BIGDREAMca","0","0","1","https://twitter.com/JAKEkkum/status/1790175433755123929","1419638084988063744","JAKEkkum"
"1790057759850783025","Mon May 13 16:33:22 +0000 2024","0","IH BERMUARA BAGUS","1790057759850783025","","","in","bakery","0","0","0","https://twitter.com/ruemanof/status/1790057759850783025","1545717531880886272","ruemanof"
"1787556732300140809","Mon May 13 16:29:31 +0000 2024","0","Ô∏è Ô∏èÔ∏è Ô∏è Nona tak tahu harus bereaksi bagaimana ketika seharusnya ia jadi satu-satunya yang berhak bersuara. Hal-hal buruk kini bermuara. Gusar dan gentar menjelma gemetar apalagi kala karantala Sahir sampai dengan kurang ajar. Ô∏èÔ∏è Ô∏è Ô∏è Ô∏èÔ∏è Ô∏è","1790056793999040819","","Kasatbandiah","in","MISSCHIEN, 2003? | PG 18+","0","1","0","https://twitter.com/Kasatbandiah/status/1790056793999040819","708879944995184640","Kasatbandiah"
"1790056057563230666","Mon May 13 16:26:36 +0000 2024","0","bub kita bisa bermuara juga kok. insyaallah","1790056057563230666","","","in","Kota Tangerang, Banten","0","0","0","https://twitter.com/vantesaga/status/1790056057563230666","1079336832037355520","vantesaga"
"1790055383320461507","Mon May 13 16:23:55 +0000 2024","0","ak jd suka dengerin bermuara ","1790055383320461507","","","in","dnf","0","1","0","https://twitter.com/mrcedeez/status/1790055383320461507","1548505036669722624","mrcedeez"
"1790055221223191020","Mon May 13 16:23:17 +0000 2024","0","perasaan gw doang atau lagu2 indonesia yg released jaman sekarang lg banyak yg bernuansa gitar akustik tanpa drum? 1 contoh: Rizky Febian &amp; Mahalini - Bermuara","1790055221223191020","","","in","In Your Atmosphere","0","0","0","https://twitter.com/kannyaarsyita/status/1790055221223191020","103277651","kannyaarsyita"
"1790054892255482256","Mon May 13 16:21:58 +0000 2024","0","Rizky mahalini bermuara versi kedua https://t.co/2TNnT8t4Rz","1790054892255482256","https://pbs.twimg.com/ext_tw_video_thumb/1790054678946074624/pu/img/EvfR2f7Usao05sg6.jpg","","in","","0","0","0","https://twitter.com/rebecandyap/status/1790054892255482256","1117528672225779712","rebecandyap"
"1790048892664320464","Mon May 13 15:58:08 +0000 2024","0","Nungguin nadin amizah cover bermuara sih gila kacau dunia apotek tutup","1790048892664320464","","","in","","0","0","0","https://twitter.com/crunchoux/status/1790048892664320464","1272410714762665985","crunchoux"
"1790047927064211738","Mon May 13 15:54:17 +0000 2024","2","Happy Wedding for favorit couple Mahalini dan Rizky Febian and congratulation karena lagu Bermuara menempati top chart Superhits minggu ini dan disusul oleh Eclat ft Luqman dengan Menanti yang menempati posisi kedua https://t.co/ef4YTaCTn1","1790047927064211738","https://pbs.twimg.com/ext_tw_video_thumb/1790047736232067072/pu/img/xEDnsarU1sxhb9ol.jpg","","in","Kota Sukabumi","1","0","0","https://twitter.com/swaraperintis/status/1790047927064211738","943470697308831744","swaraperintis"
"1790047705743421823","Mon May 13 15:53:25 +0000 2024","0","Tapi tak apa karna semua pasti akan bermuara~","1790047705743421823","","","in","","0","0","0","https://twitter.com/hoomannn13/status/1790047705743421823","1011784747847016449","hoomannn13"
"1790043433404391930","Mon May 13 15:36:26 +0000 2024","0","Terngiang2 lagu Bermuara A Iki sm Teh Lini","1790043433404391930","","","in","Indonesia","0","1","0","https://twitter.com/aychella2k19/status/1790043433404391930","88324755","aychella2k19"
"1790042690786099472","Mon May 13 15:33:39 +0000 2024","0","Pada akhirnya cintamu akan bermuara bukan pada kesempurnaan(seseorang) melainkan penerimaan kepada sosok yang bisa menerimamu dan juga pengingat saat taatmu luntur. Karena tidak akan kamu temukan sosok sempurna untuk dipilih. Tapi akan selalu ada sosok yang layak untuk diterima","1790042733152801004","","AliIdrisi13","in","","0","0","0","https://twitter.com/AliIdrisi13/status/1790042733152801004","1345328662648823810","AliIdrisi13"
"1790040994605371605","Mon May 13 15:26:45 +0000 2024","2","literally aku baru aja bikin editan mereka yg bermuara. [hari ini] inimah mereka beneran bermuara sampai 7 samudera Ô∏èÔ∏è https://t.co/D8vxMR8ESF","1790040994605371605","https://pbs.twimg.com/media/GNeAy9SbwAA-unb.jpg","","in"," arsip ‚Üí","0","0","0","https://twitter.com/shaakein/status/1790040994605371605","1507035135870652417","shaakein"
"1790039441664319727","Mon May 13 15:20:34 +0000 2024","0","muak bet denger reff bermuara","1790039441664319727","","","in","Yogyakarta, Indonesia","0","0","0","https://twitter.com/privesspace/status/1790039441664319727","1177038117116600320","privesspace"
"1790034275774951668","Mon May 13 15:07:30 +0000 2024","0","@cybfess Bermuara","1790036152646336692","","cybfess","in","cyber rant, infp-t.","0","0","0","https://twitter.com/taurscheeasy/status/1790036152646336692","1604642577386725377","taurscheeasy"
"1790034493694214463","Mon May 13 15:00:55 +0000 2024","0","Kemana aliran sungai membawaku disitulah akan bermuara","1790034493694214463","","","in","","0","0","0","https://twitter.com/farinsta/status/1790034493694214463","211781827","farinsta"
"1790034201695138178","Mon May 13 14:59:45 +0000 2024","0","Pengen nikah pake lagu bermuara juga ","1790034201695138178","","","in","we're in heaven","0","0","0","https://twitter.com/suffocate___/status/1790034201695138178","1366949040","suffocate___"
"1790030970143293938","Mon May 13 14:46:55 +0000 2024","7","Sayang... Perjalanan kita kan berlayar Berlabuh di tujuan yang sama Bermuara di keabadian Puter terus sampe bosen saking enak didengar","1790030970143293938","","","in","BPN - MLG","0","0","0","https://twitter.com/seduhanpertama/status/1790030970143293938","1186296900770660352","seduhanpertama"
"1789974413368082856","Mon May 13 11:02:10 +0000 2024","0","Lirik Lagu Bermuara Lagu Romantis Rizky Febian feat Mahalini: Sayang Perjalanan Kita Kan Berlayar https://t.co/zpUN1ClhtL via @tribunnews","1789974413368082856","","","in","Surabaya, Jawa Timur","0","0","0","https://twitter.com/tribunjatim/status/1789974413368082856","279961400","tribunjatim"
"1789974146983547138","Mon May 13 11:01:07 +0000 2024","0","Lagu Bermuara indah sekali liriknya","1789974146983547138","","","in","","0","0","0","https://twitter.com/xxcutemark/status/1789974146983547138","1587259880615862273","xxcutemark"
"1789973011426062820","Mon May 13 10:56:56 +0000 2024","0","Oh judulnya Kemana Ceritaku Bermuara. Maafkeun..","1789973092900487444","","seastrings","in","#AskMaya to mute tells. | 20+","0","1","0","https://twitter.com/seastrings/status/1789973092900487444","949149642","seastrings"
"1789970696099009020","Mon May 13 10:47:24 +0000 2024","2","I lerveeeeee lirik ni Sayang... Perjalanan kita kan berlayar Berlabuh di tujuan yang sama Bermuara di keabadian ","1789970696099009020","","","in","Kuala Lumpur City","0","1","0","https://twitter.com/zielasufina/status/1789970696099009020","67820603","zielasufina"
"1789969040506560857","Mon May 13 10:40:49 +0000 2024","0","aku suka kali lagu bermuara ni adem kali sbwjwi","1789969040506560857","","","in","Indonesia","0","0","0","https://twitter.com/alicyaciia/status/1789969040506560857","919923277115539456","alicyaciia"
"1789965520550154334","Mon May 13 10:35:00 +0000 2024","0","that's why kali ya suka banget sama bermuara soalnya liriknya SAYANGGG PERJALANAN KITA KAN BERLAYAR BERLABUH DITUJUAN YANG SAMA BERLABUH DIKEABADIAN adhdkdhdisnf sweet banget tolonggggg","1789967575448797597","","KIKINDOSAT","in","she/her","0","1","0","https://twitter.com/KIKINDOSAT/status/1789967575448797597","1593574093944590337","KIKINDOSAT"
"1789826219334123677","Mon May 13 10:25:21 +0000 2024","6","@Wantarauta @rizzywizard @salohcinnavi Banyak sungai kotor bermuara ke sana banyak oil rig aktivitas manusia di sana jg banyak. Kemudian kerang kan cara makannya menyaring air yang melawatinya.","1789965148007834015","","Wantarauta","in","Bandung","0","1","1","https://twitter.com/blackradit/status/1789965148007834015","71753680","blackradit"
"1789846736409694506","Mon May 13 10:05:42 +0000 2024","0","@Matahari_tmr Itu ajaran syiah yg bermuara dari iran kalo indonesia bermahdzab ahlu sunnah wal jamaah... Seperti Nu dan Muhammadiyah Tabligh juga. Tidak ada ajaran kayak gitu air seni dan tinja hukumnya tetap NAJIS.","1789960201115750470","","Matahari_tmr","in","Gresik ; Jawa Timur, Indonesia","0","0","0","https://twitter.com/anambaja514/status/1789960201115750470","745555823032565760","anambaja514"
"1789959523525857380","Mon May 13 10:03:00 +0000 2024","0","Manifesting pas ksh-kjw nikah bikin single bermuara kayak Rizky-Mahalini","1789959523525857380","","","in","Indonesia","0","0","0","https://twitter.com/DesignDisini/status/1789959523525857380","1744598062465712128","DesignDisini"
"1789947438544871926","Mon May 13 09:48:43 +0000 2024","0","@indonesans kalo yg oren setoran ke yg merah trus uang nya bermuara ke yg biru krn isinya juga bekas2 org merah gmn om? ","1789955925438029866","","indonesans","in","Solo, wonderful Indonesia","0","1","0","https://twitter.com/abrahamiwan/status/1789955925438029866","410444144","abrahamiwan"
"1789947113381499281","Mon May 13 09:40:26 +0000 2024","0","@gitadestaliana syukurlah dia bermuara kembali","1789953841871339849","","gitadestaliana","in","Serumah sama DPR IAN üêô ","0","1","0","https://twitter.com/ikanasinnomor1/status/1789953841871339849","1002916199255011330","ikanasinnomor1"
"1789953137735827939","Mon May 13 09:37:38 +0000 2024","0","Iist lagu buat di putar di nikahan - cinta terakhir - bermuara","1789953137735827939","","","in","","1","3","0","https://twitter.com/starrlingling/status/1789953137735827939","1461718714324160516","starrlingling"
"1789946467894866074","Mon May 13 09:11:08 +0000 2024","0","Barusan lewat di reels video ketoprak pake backsound bermuara jd kocak dah Maksudnya ni aku klo denger lagu bermuara vibesnya pengen nikahh. Kalo digabung sama video ketoprak jadi gimanaa gituu wkwkwkwk","1789946467894866074","","","in","","0","0","0","https://twitter.com/rzkamalina/status/1789946467894866074","1309541923992924160","rzkamalina"
"1789720913094549518","Mon May 13 08:54:54 +0000 2024","1","@logikapolitikid Mana berani luh kulitin kaum Nabi Luth. Nanti bermuara ke anak wowo bijimane ","1789942384232366341","","logikapolitikid","in","Johannesburg, South Africa","0","0","0","https://twitter.com/RezimBokek/status/1789942384232366341","1432306391285309443","RezimBokek"
"1789919202960097397","Mon May 13 08:25:54 +0000 2024","0","@kinkaaw bermuara","1789935086046998775","","kinkaaw","in","Ciudad ","0","0","0","https://twitter.com/wirosablengfc/status/1789935086046998775","1300257275005689856","wirosablengfc"
"1789924065215496211","Mon May 13 07:42:06 +0000 2024","0","AKU JUGA PENGEN UP PAKE LAGU BERMUARA TP YA ALLAH LULUS KULIAH DULU","1789924065215496211","","","in","Jember, Jawa Timur","0","0","0","https://twitter.com/bucindrlahir/status/1789924065215496211","1030595937582833664","bucindrlahir"
"1789869073041441162","Mon May 13 04:03:35 +0000 2024","0","Manis bener ini lagunya mahalini sm rizky febian bermuara. Cocok buat di undangan nih ","1789869073041441162","","","in","dreamland","0","1","0","https://twitter.com/katarsismanis/status/1789869073041441162","56422718","katarsismanis"
"1789812630724514111","Mon May 13 04:00:36 +0000 2024","1","@tanyakanrl satu yg aku pikirin cuman 1 ya Allah cantik2 banget merekaaaaaa. happy for #beRMuara pokoknya mah!!! netizen Indonesia kebiasaan gajelas mah huuu.","1789868321333997664","","tanyakanrl","in","","0","0","0","https://twitter.com/allaboutmeliii/status/1789868321333997664","1186564420631031808","allaboutmeliii"
"1789867482905219206","Mon May 13 03:57:16 +0000 2024","0","Kabar bahagia bermuara dari putra bungsu Presiden Joko Widodo (Jokowi) Kaesang Pangarep yang mengabarkan bahwa sang istri Erina Gudono tengah hamil anak pertama. Kabar bahagia itu disampaikan Kaesang melalui akun Instagram priadinya @kaesangp. Ketua Umum Partai Solidaritas https://t.co/JmE6cyWh5D","1789867482905219206","https://pbs.twimg.com/media/GNbi_J1bIAAeOUM.jpg","","in","","0","1","0","https://twitter.com/inversimedia/status/1789867482905219206","1628785344769560576","inversimedia"
"1789866380130435346","Mon May 13 03:52:53 +0000 2024","0","Rizky Febian dan Mahalini rilis single duet mereka nihh Rekan Buana Buat Rekan Buana yang penasaran apa makna dari lagu Bermuara langsung aja dengerin #MusicPrime Sekarangggg‚ÄçÔ∏è","1789866380130435346","","","in","Jakarta, Indonesia","0","0","0","https://twitter.com/RadioMercuBuana/status/1789866380130435346","122141146","RadioMercuBuana"
"1789860848380326362","Mon May 13 03:30:54 +0000 2024","0","AU Mandmothdjana Ketika kegelisahan di akun privat masing soal kesetiaan terhadap pasangan mulai merambah lalu apa yang akan terjadi? Kenapa semua bermuara pada Dukun Ajaib satu ini? https://t.co/KTBWEYA7Ng","1789860848380326362","https://pbs.twimg.com/media/GNbc9BrbAAAb4P7.jpg","","in","Air Cawan Spa | GIGI is my religion üòäüôèüèº","0","1","0","https://twitter.com/aircawanboys/status/1789860848380326362","1371107828929159174","aircawanboys"
"1789838347201921446","Mon May 13 03:28:50 +0000 2024","0","@stikkk_03 Rapsodi indah yang kan bermuara difajar haaaaatiii","1789860328026632650","","stikkk_03","in","","0","1","0","https://twitter.com/SaifIkram28/status/1789860328026632650","1615421365762551810","SaifIkram28"
"1789856724729335880","Mon May 13 03:14:31 +0000 2024","0","Wow enak bgt trnyata lagu bermuara ini ","1789856724729335880","","","in","Lop","0","0","0","https://twitter.com/wisnirona/status/1789856724729335880","480940475","wisnirona"
"1789852638130876720","Mon May 13 02:58:17 +0000 2024","0","Bisik kan rayuan Merayu raya bahagia Sayang... perjalanan kita kan berlayar Berlabuh di tujuan yang sama Bermuara di keabadian Alias cover lagu itu dong @_siscasaras_ suara lu pasti enak bgt di lagu itu Bermuara rizkyfebian mahalini ","1789852638130876720","","","in","","0","0","0","https://twitter.com/BkansodaraALDUL/status/1789852638130876720","1481307549836406784","BkansodaraALDUL"
"1789829954802253993","Mon May 13 01:28:09 +0000 2024","0","Lagu bermuara iky sama lini romantis tapi aku belum kesampean. Save dulu buat nanti. HAHA","1789829954802253993","","","in","klan bulan","0","0","0","https://twitter.com/_rumpang/status/1789829954802253993","4787791002","_rumpang"
"1789826525472109004","Mon May 13 01:14:31 +0000 2024","0","JANGAN BILANG BERMUARA KEINGET WINTANG TRUS KAYA DENGERIN 18","1789826525472109004","","","in","'03 ; she/her","0","1","0","https://twitter.com/sonudwin/status/1789826525472109004","1691494213220016128","sonudwin"
"1789822873474912366","Mon May 13 01:00:00 +0000 2024","0","tak sabarnya nak guna lagu bermuara untuk wedding nanti hm mak nak kawin cepat huwaaa","1789822873474912366","","","in","","0","0","0","https://twitter.com/Yh3na/status/1789822873474912366","4272524309","Yh3na"
"1789818227444322441","Mon May 13 00:41:33 +0000 2024","1","sedap betul lagu bermuara ni. ada jugak i godek balik video kahwin and guna lagu ni. Cuteeeeeeeee!!","1789818227444322441","","","in","","0","0","0","https://twitter.com/ftrharffn/status/1789818227444322441","84529812","ftrharffn"
"1789806861237244345","Mon May 13 00:32:05 +0000 2024","0","@sbyfess Kasih andai anganku bersuara dia kan bernyanyi ~ Rapsodi indah yang kan bermuara di fajar hati ~ Masalah e lagu e jekiti angel lek dipakein gitar ngamen apalagi suarane kan jarang seng apik wong-uwong ngamen","1789815845377507582","","sbyfess","in","Babelan, he/him, 24+","0","0","0","https://twitter.com/Florence_Z1/status/1789815845377507582","1692871959623938048","Florence_Z1"
"1789675419295433061","Mon May 13 00:32:00 +0000 2024","0","@idaayuwulandari Coba bermuara nya rizky febian sama mahalini. korban tiktok juga ","1789815824368222326","","idaayuwulandari","in","","0","0","0","https://twitter.com/arsynuansa/status/1789815824368222326","59372526","arsynuansa"
"1789510263701647639","Mon May 13 00:15:16 +0000 2024","0","@vi_eviee Kabarin Ya...kalau Sdh bermuara....","1789811613744156978","","vi_eviee","in","Bogor Barat, Indonesia","0","0","0","https://twitter.com/LOysterina/status/1789811613744156978","1719507983577817088","LOysterina"
"1789809943912350026","Mon May 13 00:08:38 +0000 2024","1","Masih pagi udah sampe ditempat kerja dan dengerin Bermuara feel nya dapet weii tapi gw sama siapaa *bukan bintang tapi susah digapai","1789809943912350026","","","in","","0","0","0","https://twitter.com/benggbengg2501/status/1789809943912350026","1670286475265720320","benggbengg2501"
"1789801741464248487","Sun May 12 23:36:02 +0000 2024","0","Lagu Bermuara Milik Mahalini dan Rizky Febian Mulai Mengudara di Sosmed https://t.co/zPsyp0NW7g","1789801741464248487","","","in","","0","0","0","https://twitter.com/detik_pop/status/1789801741464248487","1668875355141324800","detik_pop"
